0, -0.931084, 0.38004
0.0292968, -0.931084, 0.38004
0.0585936, -0.931084, 0.38004
0.0878904, -0.931084, 0.38004
0.117187, -0.931084, 0.38004
0.146484, -0.664639, 0.40309
0.175781, -0.710655, 0.423175
0.205078, -0.790085, 0.459863
0.234375, -0.797533, 0.453535
0.263671, -0.881353, 0.492819
0.292968, -0.822298, 0.454429
0.322265, -0.803766, 0.443669
0.351562, -0.807562, 0.448612
0.380859, -0.817265, 0.459967
0.410155, -0.829609, 0.472825
0.439452, -0.827247, 0.475944
0.468749, -0.823143, 0.4759
0.498046, -0.81997, 0.474828
0.527343, -0.813874, 0.470607
0.55664, -0.829133, 0.479
0.585936, -0.822376, 0.475775
0.615233, -0.81442, 0.474136
0.64453, -0.817751, 0.480122
0.673827, -0.819675, 0.485255
0.703124, -0.810685, 0.483198
0.73242, -0.824472, 0.494771
0.761717, -0.822554, 0.496703
0.791014, -0.825033, 0.500582
0.820311, -0.818516, 0.496424
0.849608, -0.820533, 0.493263
0.878904, -0.819817, 0.486179
0.908201, -0.819482, 0.480533
0.937498, -0.827574, 0.48372
0.966795, -0.820527, 0.482271
0.996092, -0.824239, 0.48764
1.02539, -0.82637, 0.489369
1.05469, -0.829597, 0.488802
1.08398, -0.833738, 0.487552
1.11328, -0.829315, 0.482434
1.14258, -0.829653, 0.482165
1.17187, -0.829563, 0.483411
1.20117, -0.825862, 0.483122
1.23047, -0.824094, 0.483759
1.25976, -0.823952, 0.486088
1.28906, -0.824106, 0.490828
1.31836, -0.820075, 0.49477
1.34765, -0.818501, 0.498723
1.37695, -0.8197, 0.499027
1.40625, -0.820752, 0.491971
1.43554, -0.825683, 0.48139
1.46484, -0.83058, 0.468619
1.49414, -0.837292, 0.457858
1.52343, -0.841724, 0.44821
1.55273, -0.845107, 0.440257
1.58203, -0.84779, 0.434272
1.61132, -0.848869, 0.430896
1.64062, -0.848974, 0.432508
1.66992, -0.84673, 0.439705
1.69922, -0.841249, 0.451978
1.72851, -0.833724, 0.467798
1.75781, -0.826184, 0.483446
1.78711, -0.820622, 0.494322
1.8164, -0.818872, 0.498348
1.8457, -0.817718, 0.495253
1.875, -0.81923, 0.490628
1.90429, -0.820364, 0.486575
1.93359, -0.821583, 0.484212
1.96289, -0.821275, 0.48218
1.99218, -0.82231, 0.481833
2.02148, -0.823818, 0.483328
2.05078, -0.822591, 0.48529
2.08007, -0.823222, 0.489325
2.10937, -0.823843, 0.491254
2.13867, -0.825736, 0.489248
2.16796, -0.828841, 0.483891
2.19726, -0.832465, 0.478492
2.22656, -0.836013, 0.475702
2.25585, -0.838027, 0.474591
2.28515, -0.838639, 0.472678
2.31445, -0.839438, 0.469232
2.34375, -0.841276, 0.466205
2.37304, -0.842067, 0.465995
2.40234, -0.839882, 0.469197
2.43164, -0.837001, 0.475115
2.46093, -0.8335, 0.480152
2.49023, -0.833006, 0.48338
2.51953, -0.832485, 0.482202
2.54882, -0.833617, 0.477703
2.57812, -0.836639, 0.471028
2.60742, -0.838564, 0.463028
2.63671, -0.841718, 0.458935
2.66601, -0.841282, 0.458876
2.69531, -0.839394, 0.463849
2.7246, -0.835854, 0.471117
2.7539, -0.832798, 0.478435
2.7832, -0.83042, 0.483558
2.81249, -0.830845, 0.486689
2.84179, -0.832024, 0.486831
2.87109, -0.833024, 0.4851
2.90038, -0.833618, 0.482889
2.92968, -0.832877, 0.480833
2.95898, -0.831553, 0.479566
2.98828, -0.830593, 0.478875
3.01757, -0.829793, 0.477404
3.04687, -0.829397, 0.474139
3.07617, -0.828585, 0.467903
3.10546, -0.828601, 0.460245
3.13476, -0.829317, 0.454501
3.16406, -0.829028, 0.453736
3.19335, -0.827775, 0.458717
3.22265, -0.825697, 0.466645
3.25195, -0.824947, 0.474955
3.28124, -0.824784, 0.480937
3.31054, -0.825402, 0.484487
3.33984, -0.825455, 0.48616
3.36913, -0.824528, 0.487203
3.39843, -0.823663, 0.488236
3.42773, -0.822797, 0.48812
3.45702, -0.823466, 0.48665
3.48632, -0.825172, 0.483839
3.51562, -0.82765, 0.48115
3.54491, -0.830252, 0.479418
3.57421, -0.832264, 0.478334
3.60351, -0.83332, 0.477375
3.63281, -0.833641, 0.476634
3.6621, -0.832582, 0.476327
3.6914, -0.83069, 0.477194
3.7207, -0.828265, 0.479254
3.74999, -0.826474, 0.482049
3.77929, -0.825894, 0.484672
3.80859, -0.826088, 0.486375
3.83788, -0.826152, 0.487724
3.86718, -0.825938, 0.490222
3.89648, -0.823985, 0.493794
3.92577, -0.822208, 0.49819
3.95507, -0.821465, 0.501101
3.98437, -0.82274, 0.501663
4.01366, -0.825309, 0.500399
4.04296, -0.827815, 0.499216
4.07226, -0.828813, 0.499108
4.10155, -0.827925, 0.500118
4.13085, -0.825358, 0.501262
4.16015, -0.82216, 0.501555
4.18944, -0.818873, 0.499746
4.21874, -0.818107, 0.495459
4.24804, -0.820434, 0.487722
4.27734, -0.826366, 0.478649
4.30663, -0.833091, 0.471016
4.33593, -0.83843, 0.466227
4.36523, -0.841465, 0.463688
4.39452, -0.842047, 0.462464
4.42382, -0.840202, 0.463234
4.45312, -0.835696, 0.467348
4.48241, -0.829358, 0.474938
4.51171, -0.823062, 0.483032
4.54101, -0.81948, 0.488144
4.5703, -0.819195, 0.48799
4.5996, -0.821878, 0.483344
4.6289, -0.825901, 0.476758
4.65819, -0.829756, 0.471358
4.68749, -0.831767, 0.468994
4.71679, -0.832308, 0.470458
4.74608, -0.831259, 0.47456
4.77538, -0.830012, 0.479908
4.80468, -0.828571, 0.48434
4.83397, -0.827785, 0.486915
4.86327, -0.827269, 0.487438
4.89257, -0.82619, 0.486424
4.92187, -0.82519, 0.484899
4.95116, -0.824497, 0.482536
4.98046, -0.825592, 0.479259
5.00976, -0.828617, 0.474973
5.03905, -0.832624, 0.470221
5.06835, -0.836719, 0.465777
5.09765, -0.840041, 0.462084
5.12694, -0.842049, 0.459721
5.15624, -0.842044, 0.459202
5.18554, -0.839613, 0.460732
5.21483, -0.835661, 0.463394
5.24413, -0.832214, 0.464933
5.27343, -0.831457, 0.463252
5.30272, -0.834148, 0.458586
5.33202, -0.838017, 0.453286
5.36132, -0.841041, 0.45072
5.39061, -0.841789, 0.452645
5.41991, -0.840251, 0.458551
5.44921, -0.837375, 0.466287
5.4785, -0.834412, 0.473679
5.5078, -0.831728, 0.479482
5.5371, -0.828999, 0.483571
5.5664, -0.826526, 0.486375
5.59569, -0.825354, 0.487991
5.62499, -0.825716, 0.4875
5.65429, -0.827798, 0.485009
5.68358, -0.830291, 0.481425
5.71288, -0.832384, 0.478703
5.74218, -0.833223, 0.477945
5.77147, -0.832894, 0.47915
5.80077, -0.83152, 0.481028
5.83007, -0.829616, 0.481619
5.85936, -0.82831, 0.479349
5.88866, -0.828471, 0.473864
5.91796, -0.830613, 0.467521
5.94725, -0.833571, 0.463586
5.97655, -0.835626, 0.463314
6.00585, -0.836422, 0.465558
6.03514, -0.836216, 0.468598
6.06444, -0.835249, 0.472106
6.09374, -0.833742, 0.476778
6.12303, -0.831108, 0.482491
6.15233, -0.828121, 0.488263
6.18163, -0.8257, 0.491632
6.21093, -0.824941, 0.490238
6.24022, -0.826455, 0.483906
6.26952, -0.82917, 0.475634
6.29882, -0.831416, 0.4703
6.32811, -0.832441, 0.470361
6.35741, -0.833093, 0.474265
6.38671, -0.833961, 0.478792
6.416, -0.834623, 0.482125
6.4453, -0.834608, 0.484062
6.4746, -0.833449, 0.484393
6.50389, -0.831776, 0.483214
6.53319, -0.830189, 0.481006
6.56249, -0.829065, 0.479197
6.59178, -0.828145, 0.478943
6.62108, -0.827109, 0.480533
6.65038, -0.82551, 0.483077
6.67967, -0.823743, 0.485919
6.70897, -0.822297, 0.488755
6.73827, -0.82193, 0.491649
6.76756, -0.822586, 0.494249
6.79686, -0.823965, 0.495999
6.82616, -0.825494, 0.496114
6.85546, -0.826637, 0.493777
6.88475, -0.827817, 0.489142
6.91405, -0.829089, 0.48325
6.94335, -0.830478, 0.478413
6.97264, -0.831204, 0.476636
7.00194, -0.83066, 0.477963
7.03124, -0.829069, 0.480426
7.06053, -0.827334, 0.481883
7.08983, -0.826311, 0.48178
7.11913, -0.825811, 0.481131
7.14842, -0.825253, 0.481383
7.17772, -0.824196, 0.48286
7.20702, -0.823086, 0.48491
7.23631, -0.822511, 0.48667
7.26561, -0.822733, 0.487905
7.29491, -0.823255, 0.488975
7.3242, -0.823287, 0.49045
7.3535, -0.822242, 0.492598
7.3828, -0.82029, 0.495098
7.41209, -0.818067, 0.497252
7.44139, -0.815993, 0.498823
7.47069, -0.814269, 0.500042
7.49999, -0.813388, 0.500661
7.52928, -0.814517, 0.499408
7.55858, -0.81838, 0.49452
7.58788, -0.824449, 0.485693
7.61717, -0.830819, 0.475006
7.64647, -0.835033, 0.466016
7.67577, -0.835603, 0.461828
7.70506, -0.832908, 0.463037
7.73436, -0.828931, 0.467157
7.76366, -0.825962, 0.470785
7.79295, -0.825219, 0.472275
7.82225, -0.826813, 0.47247
7.85155, -0.829874, 0.47265
7.88084, -0.833246, 0.472979
7.91014, -0.835834, 0.472966
7.93944, -0.836864, 0.472843
7.96873, -0.836172, 0.4736
7.99803, -0.834478, 0.475615
8.02733, -0.8331, 0.477697
8.05662, -0.832811, 0.478068
8.08592, -0.833307, 0.476321
8.11522, -0.833369, 0.474013
8.14451, -0.831867, 0.473313
8.17381, -0.828757, 0.475329
8.20311, -0.825344, 0.479291
8.23241, -0.823107, 0.483189
8.2617, -0.822663, 0.485174
8.291, -0.82352, 0.48472
8.3203, -0.824534, 0.482952
8.34959, -0.824568, 0.481863
8.37889, -0.823109, 0.482665
8.40819, -0.820722, 0.484564
8.43748, -0.818479, 0.485401
8.46678, -0.817226, 0.483871
8.49608, -0.817057, 0.480763
8.52537, -0.817811, 0.478012
8.55467, -0.819525, 0.476645
8.58397, -0.82219, 0.476011
8.61326, -0.825259, 0.475161
8.64256, -0.827985, 0.474103
8.67186, -0.829982, 0.473366
8.70115, -0.831426, 0.473074
8.73045, -0.83283, 0.472888
8.75975, -0.834335, 0.472598
8.78904, -0.835515, 0.472698
8.81834, -0.835637, 0.47404
8.84764, -0.834292, 0.477055
8.87694, -0.831706, 0.48133
8.90623, -0.828457, 0.485988
8.93553, -0.824855, 0.490055
8.96483, -0.821206, 0.492819
8.99412, -0.817954, 0.493984
9.02342, -0.81576, 0.494047
9.05272, -0.81495, 0.494293
9.08201, -0.815201, 0.495722
9.11131, -0.816004, 0.497604
9.14061, -0.817229, 0.497605
9.1699, -0.819141, 0.494038
9.1992, -0.821436, 0.488087
9.2285, -0.823009, 0.483901
9.25779, -0.82263, 0.485526
9.28709, -0.820542, 0.492753
9.31639, -0.818373, 0.500955
9.34568, -0.817818, 0.505354
9.37498, -0.819313, 0.504381
9.40428, -0.822117, 0.499777
9.43357, -0.825004, 0.494629
9.46287, -0.827154, 0.490958
9.49217, -0.82843, 0.488771
9.52147, -0.828985, 0.487152
9.55076, -0.828882, 0.485848
9.58006, -0.828096, 0.485487
9.60936, -0.826795, 0.486641
9.63865, -0.825306, 0.48874
9.66795, -0.824179, 0.490363
9.69725, -0.823761, 0.490667
9.72654, -0.824168, 0.489794
9.75584, -0.825381, 0.488056
9.78514, -0.82734, 0.485041
9.81443, -0.829837, 0.479989
9.84373, -0.832437, 0.473109
9.87303, -0.834342, 0.466368
9.90232, -0.834773, 0.462604
9.93162, -0.833629, 0.463187
9.96092, -0.83169, 0.466771
9.99021, -0.829972, 0.470914
10.0195, -0.828896, 0.474303
10.0488, -0.828395, 0.477047
10.0781, -0.828241, 0.479272
10.1074, -0.828293, 0.480249
10.1367, -0.828443, 0.479027
10.166, -0.828212, 0.476068
10.1953, -0.826761, 0.474022
10.2246, -0.823768, 0.47581
10.2539, -0.820418, 0.481356
10.2832, -0.818938, 0.487196
10.3125, -0.820876, 0.489539
10.3418, -0.825712, 0.487288
10.3711, -0.831285, 0.482419
10.4004, -0.83535, 0.477796
10.4297, -0.837037, 0.474823
10.459, -0.836942, 0.473089
10.4883, -0.836211, 0.471702
10.5176, -0.835626, 0.470703
10.5469, -0.835222, 0.471166
10.5762, -0.834653, 0.473755
10.6054, -0.833887, 0.477332
10.6347, -0.833319, 0.479687
10.664, -0.833215, 0.479457
10.6933, -0.833241, 0.477196
10.7226, -0.832733, 0.47457
10.7519, -0.83156, 0.472797
10.7812, -0.830796, 0.471542
10.8105, -0.832116, 0.469368
10.8398, -0.835911, 0.46565
10.8691, -0.840209, 0.461921
10.8984, -0.842312, 0.460814
10.9277, -0.840907, 0.463737
10.957, -0.836669, 0.469714
10.9863, -0.831656, 0.475875
11.0156, -0.82775, 0.479262
11.0449, -0.82529, 0.479223
11.0742, -0.822853, 0.478241
11.1035, -0.818983, 0.479582
11.1328, -0.814204, 0.483838
11.1621, -0.811139, 0.488173
11.1914, -0.811998, 0.489469
11.2207, -0.816335, 0.487472
11.25, -0.82162, 0.484415
11.2793, -0.825416, 0.482542
11.3086, -0.826866, 0.482406
11.3379, -0.826663, 0.482892
11.3672, -0.826247, 0.482417
11.3965, -0.826648, 0.480456
11.4258, -0.82799, 0.478079
11.4551, -0.829522, 0.477152
11.4844, -0.830286, 0.478852
11.5136, -0.829633, 0.482872
11.5429, -0.82743, 0.487925
11.5722, -0.82407, 0.492636
11.6015, -0.820419, 0.495939
11.6308, -0.817619, 0.49724
11.6601, -0.81653, 0.496618
11.6894, -0.817043, 0.494847
11.7187, -0.81797, 0.493002
11.748, -0.817989, 0.492184
11.7773, -0.816494, 0.49337
11.8066, -0.814021, 0.496773
11.8359, -0.812157, 0.500939
11.8652, -0.812744, 0.503178
11.8945, -0.816745, 0.501594
11.9238, -0.823295, 0.49675
11.9531, -0.830154, 0.491161
11.9824, -0.835145, 0.486946
12.0117, -0.83761, 0.484238
12.041, -0.838269, 0.481962
12.0703, -0.838157, 0.479834
12.0996, -0.83758, 0.479134
12.1289, -0.836134, 0.481185
12.1582, -0.83352, 0.485612
12.1875, -0.830209, 0.490329
12.2168, -0.827323, 0.492927
12.2461, -0.825964, 0.492394
12.2754, -0.826098, 0.490115
12.3047, -0.826559, 0.488725
12.334, -0.82615, 0.489594
12.3633, -0.824789, 0.491768
12.3926, -0.8233, 0.493159
12.4219, -0.822734, 0.492045
12.4511, -0.823898, 0.4877
12.4804, -0.827059, 0.480523
12.5097, -0.831464, 0.472287
12.539, -0.835343, 0.465856
12.5683, -0.836967, 0.463801
12.5976, -0.835907, 0.466639
12.6269, -0.833341, 0.472305
12.6562, -0.831116, 0.477314
12.6855, -0.830548, 0.478945
12.7148, -0.831769, 0.47678
12.7441, -0.833941, 0.472612
12.7734, -0.835743, 0.468977
12.8027, -0.836171, 0.467406
12.832, -0.83541, 0.467496
12.8613, -0.834965, 0.467057
12.8906, -0.836668, 0.463739
12.9199, -0.84082, 0.457568
12.9492, -0.845573, 0.451744
12.9785, -0.848396, 0.450071
13.0078, -0.848195, 0.453657
13.0371, -0.845801, 0.460232
13.0664, -0.842893, 0.466328
13.0957, -0.840398, 0.470157
13.125, -0.837936, 0.472594
13.1543, -0.834693, 0.475755
13.1836, -0.830632, 0.480713
13.2129, -0.826753, 0.486556
13.2422, -0.824144, 0.491472
13.2715, -0.822858, 0.494562
13.3008, -0.822026, 0.49636
13.3301, -0.820816, 0.497834
13.3593, -0.8194, 0.499061
13.3886, -0.818884, 0.498864
13.4179, -0.820519, 0.495943
13.4472, -0.824536, 0.490413
13.4765, -0.82969, 0.48427
13.5058, -0.833951, 0.479862
13.5351, -0.83598, 0.478066
13.5644, -0.835808, 0.478296
13.5937, -0.834404, 0.479624
13.623, -0.832794, 0.481336
13.6523, -0.831556, 0.482886
13.6816, -0.83086, 0.48378
13.7109, -0.830819, 0.483393
13.7402, -0.831636, 0.480942
13.7695, -0.833503, 0.47613
13.7988, -0.836103, 0.469947
13.8281, -0.838329, 0.464583
13.8574, -0.83878, 0.462026
13.8867, -0.836983, 0.46238
13.916, -0.833942, 0.463661
13.9453, -0.83137, 0.463577
13.9746, -0.830201, 0.462001
14.0039, -0.829631, 0.461663
14.0332, -0.827905, 0.465643
14.0625, -0.824384, 0.473728
14.0918, -0.820432, 0.482214
14.1211, -0.818218, 0.487231
14.1504, -0.81895, 0.487566
14.1797, -0.822062, 0.484868
14.209, -0.825768, 0.481829
14.2383, -0.828515, 0.479912
14.2675, -0.829912, 0.478594
14.2968, -0.830428, 0.476527
14.3261, -0.830569, 0.473127
14.3554, -0.830314, 0.469277
14.3847, -0.82951, 0.466834
14.414, -0.828472, 0.467141
14.4433, -0.828005, 0.470008
14.4726, -0.828677, 0.473994
14.5019, -0.830248, 0.477507
14.5312, -0.831845, 0.479592
14.5605, -0.832613, 0.479995
14.5898, -0.83232, 0.478824
14.6191, -0.831422, 0.476156
14.6484, -0.830891, 0.472078
14.6777, -0.831454, 0.467257
14.707, -0.832821, 0.463337
14.7363, -0.833978, 0.462053
14.7656, -0.83438, 0.463483
14.7949, -0.834438, 0.465762
14.8242, -0.834715, 0.466818
14.8535, -0.835018, 0.466243
14.8828, -0.834369, 0.465777
14.9121, -0.831743, 0.468135
14.9414, -0.827384, 0.474307
14.9707, -0.823214, 0.481878
15, -0.821344, 0.486962
15.0293, -0.822352, 0.487737
15.0586, -0.825272, 0.485212
15.0879, -0.828674, 0.481797
15.1172, -0.831509, 0.479695
15.1465, -0.833456, 0.479628
15.1758, -0.834916, 0.480328
15.205, -0.836249, 0.480022
15.2343, -0.836891, 0.478608
15.2636, -0.835675, 0.47788
15.2929, -0.832058, 0.47973
15.3222, -0.82701, 0.484133
15.3515, -0.822821, 0.488676
15.3808, -0.821469, 0.49036
15.4101, -0.823118, 0.487982
15.4394, -0.826257, 0.482811
15.4687, -0.82906, 0.477377
15.498, -0.830653, 0.473804
15.5273, -0.831424, 0.472765
15.5566, -0.832442, 0.473291
15.5859, -0.834282, 0.473645
15.6152, -0.836511, 0.47259
15.6445, -0.838286, 0.469949
15.6738, -0.839078, 0.466447
15.7031, -0.83894, 0.463469
15.7324, -0.838075, 0.462683
15.7617, -0.836485, 0.46499
15.791, -0.834159, 0.469608
15.8203, -0.831526, 0.474507
15.8496, -0.829223, 0.47825
15.8789, -0.827603, 0.481235
15.9082, -0.826473, 0.484725
15.9375, -0.825635, 0.488819
15.9668, -0.825448, 0.491835
15.9961, -0.826667, 0.491702
16.0254, -0.82966, 0.487682
16.0547, -0.833779, 0.481155
16.084, -0.837513, 0.475006
16.1132, -0.839385, 0.471812
16.1425, -0.838765, 0.472309
16.1718, -0.836093, 0.475214
16.2011, -0.832533, 0.478242
16.2304, -0.829613, 0.479301
16.2597, -0.828775, 0.477479
16.289, -0.830236, 0.473911
16.3183, -0.832455, 0.471249
16.3476, -0.833341, 0.471347
16.3769, -0.832159, 0.473712
16.4062, -0.82984, 0.476618
16.4355, -0.827855, 0.478921
16.4648, -0.827226, 0.480648
16.4941, -0.828093, 0.482225
16.5234, -0.829928, 0.483565
16.5527, -0.832046, 0.484151
16.582, -0.833942, 0.483891
16.6113, -0.835013, 0.483421
16.6406, -0.834763, 0.483538
16.6699, -0.833113, 0.484387
16.6992, -0.83065, 0.485075
16.7285, -0.828642, 0.484099
16.7578, -0.828354, 0.480478
16.7871, -0.830208, 0.474573
16.8164, -0.833621, 0.467707
16.8457, -0.837798, 0.461226
16.875, -0.842192, 0.456186
16.9043, -0.846427, 0.45311
16.9336, -0.850086, 0.451792
16.9629, -0.85248, 0.451844
16.9922, -0.852758, 0.453492
17.0215, -0.850248, 0.457663
17.0507, -0.845073, 0.464784
17.08, -0.838422, 0.473736
17.1093, -0.831999, 0.48221
17.1386, -0.827282, 0.488167
17.1679, -0.824973, 0.491028
17.1972, -0.824698, 0.491867
17.2265, -0.825069, 0.492523
17.2558, -0.824579, 0.494066
17.2851, -0.822778, 0.496112
17.3144, -0.82042, 0.497638
17.3437, -0.818697, 0.498056
17.373, -0.818431, 0.49748
17.4023, -0.819743, 0.496335
17.4316, -0.821965, 0.495167
17.4609, -0.823953, 0.494705
17.4902, -0.824826, 0.495553
17.5195, -0.824618, 0.497498
17.5488, -0.824195, 0.499329
17.5781, -0.824598, 0.499414
17.6074, -0.826257, 0.496701
17.6367, -0.828655, 0.491589
17.666, -0.830587, 0.486009
17.6953, -0.831002, 0.482303
17.7246, -0.829982, 0.481436
17.7539, -0.828804, 0.482293
17.7832, -0.828767, 0.48291
17.8125, -0.830051, 0.482148
17.8418, -0.831815, 0.480346
17.8711, -0.83301, 0.478701
17.9004, -0.833222, 0.47822
17.9297, -0.832763, 0.479006
17.9589, -0.83233, 0.480217
17.9882, -0.832659, 0.480519
18.0175, -0.834092, 0.47892
18.0468, -0.836054, 0.475661
18.0761, -0.837412, 0.472227
18.1054, -0.837422, 0.470098
18.1347, -0.836446, 0.469316
18.164, -0.835601, 0.468595
18.1933, -0.835731, 0.466879
18.2226, -0.836724, 0.464775
18.2519, -0.837695, 0.46426
18.2812, -0.837803, 0.467012
18.3105, -0.836795, 0.473237
18.3398, -0.834915, 0.481668
18.3691, -0.832689, 0.490155
18.3984, -0.830667, 0.49645
18.4277, -0.829349, 0.498848
18.457, -0.829299, 0.496447
18.4863, -0.830957, 0.489741
18.5156, -0.834006, 0.481282
18.5449, -0.837182, 0.475137
18.5742, -0.83897, 0.474147
18.6035, -0.838694, 0.477892
18.6328, -0.836748, 0.483495
18.6621, -0.83417, 0.487701
18.6914, -0.832311, 0.488274
18.7207, -0.832355, 0.484603
18.75, -0.834457, 0.477818
18.7793, -0.837397, 0.470243
18.8086, -0.839374, 0.464422
18.8379, -0.839025, 0.462399
18.8671, -0.836068, 0.465017
18.8964, -0.831448, 0.471259
18.9257, -0.826992, 0.478601
18.955, -0.824573, 0.484482
18.9843, -0.825272, 0.487529
19.0136, -0.828634, 0.487834
19.0429, -0.832832, 0.486294
19.0722, -0.835977, 0.48394
19.1015, -0.837175, 0.481731
19.1308, -0.836477, 0.480457
19.1601, -0.834563, 0.48033
19.1894, -0.832518, 0.480658
19.2187, -0.83134, 0.480466
19.248, -0.831349, 0.479744
19.2773, -0.831829, 0.479744
19.3066, -0.831657, 0.481933
19.3359, -0.830294, 0.486754
19.3652, -0.828457, 0.493137
19.3945, -0.827613, 0.498937
19.4238, -0.828622, 0.50215
19.4531, -0.83106, 0.502105
19.4824, -0.833873, 0.499465
19.5117, -0.836314, 0.495516
19.541, -0.838223, 0.491523
19.5703, -0.839895, 0.488421
19.5996, -0.841566, 0.486431
19.6289, -0.842981, 0.485093
19.6582, -0.843597, 0.483686
19.6875, -0.842946, 0.48181
19.7168, -0.841045, 0.479598
19.7461, -0.838786, 0.477521
19.7754, -0.837722, 0.476032
19.8046, -0.838714, 0.475356
19.8339, -0.841028, 0.475869
19.8632, -0.842818, 0.478434
19.8925, -0.842391, 0.483687
19.9218, -0.839111, 0.49086
19.9511, -0.833648, 0.497493
19.9804, -0.827469, 0.50083
20.0097, -0.822073, 0.499909
20.039, -0.818586, 0.496434
20.0683, -0.817554, 0.49341
20.0976, -0.819204, 0.492283
20.1269, -0.823213, 0.491838
20.1562, -0.828448, 0.490158
20.1855, -0.833199, 0.486908
20.2148, -0.835906, 0.483573
20.2441, -0.835866, 0.482069
20.2734, -0.833799, 0.482796
20.3027, -0.831486, 0.484238
20.332, -0.830322, 0.484823
20.3613, -0.830472, 0.484633
20.3906, -0.83154, 0.48463
20.4199, -0.833414, 0.485061
20.4492, -0.836142, 0.485357
20.4785, -0.839435, 0.485167
20.5078, -0.842547, 0.48465
20.5371, -0.844756, 0.484132
20.5664, -0.845786, 0.483654
20.5957, -0.845904, 0.483044
20.625, -0.845707, 0.481996
20.6543, -0.845732, 0.480026
20.6836, -0.846318, 0.476658
20.7128, -0.84737, 0.472039
20.7421, -0.848333, 0.46744
20.7714, -0.848508, 0.465025
20.8007, -0.847686, 0.466766
20.83, -0.846257, 0.472941
20.8593, -0.84457, 0.481576
20.8886, -0.842475, 0.489958
20.9179, -0.839904, 0.496315
20.9472, -0.837343, 0.499884
20.9765, -0.835716, 0.50033
21.0058, -0.835731, 0.497623
21.0351, -0.837362, 0.492054
21.0644, -0.840158, 0.484244
21.0937, -0.843607, 0.475453
21.123, -0.847091, 0.467905
21.1523, -0.849647, 0.464081
21.1816, -0.850454, 0.46519
21.2109, -0.84955, 0.470351
21.2402, -0.847802, 0.477031
21.2695, -0.846334, 0.482278
21.2988, -0.845904, 0.484171
21.3281, -0.84664, 0.482881
21.3574, -0.847971, 0.480524
21.3867, -0.849127, 0.4795
21.416, -0.849658, 0.48071
21.4453, -0.849589, 0.483242
21.4746, -0.849196, 0.485453
21.5039, -0.84878, 0.486228
21.5332, -0.84843, 0.485791
21.5625, -0.848112, 0.485485
21.5918, -0.847898, 0.48641
21.6211, -0.848116, 0.488135
21.6503, -0.848988, 0.489396
21.6796, -0.850233, 0.489945
21.7089, -0.851043, 0.490945
21.7382, -0.850467, 0.493525
21.7675, -0.848083, 0.497354
21.7968, -0.844363, 0.50069
21.8261, -0.840614, 0.501887
21.8554, -0.838203, 0.500561
21.8847, -0.837784, 0.497537
21.914, -0.839043, 0.494158
21.9433, -0.841067, 0.491725
21.9726, -0.843128, 0.490937
22.0019, -0.845246, 0.491218
22.0312, -0.847962, 0.490996
22.0605, -0.851496, 0.489047
22.0898, -0.854967, 0.485706
22.1191, -0.856742, 0.482464
22.1484, -0.855608, 0.480529
22.1777, -0.851606, 0.479956
22.207, -0.846237, 0.479948
22.2363, -0.842058, 0.47941
22.2656, -0.841363, 0.477682
22.2949, -0.844375, 0.475237
22.3242, -0.849066, 0.473581
22.3535, -0.852814, 0.47401
22.3828, -0.854305, 0.476653
22.4121, -0.853873, 0.480515
22.4414, -0.852545, 0.484404
22.4707, -0.85075, 0.487783
22.5, -0.848133, 0.490848
22.5293, -0.844162, 0.493995
22.5585, -0.839038, 0.497448
22.5878, -0.834261, 0.500913
22.6171, -0.832385, 0.503317
22.6464, -0.834701, 0.503366
22.6757, -0.839954, 0.500623
22.705, -0.84581, 0.49589
22.7343, -0.850734, 0.490607
22.7636, -0.854313, 0.486241
22.7929, -0.856633, 0.483826
22.8222, -0.857796, 0.483484
22.8515, -0.858018, 0.484447
22.8808, -0.857797, 0.485917
22.9101, -0.857543, 0.487718
22.9394, -0.857081, 0.490183
22.9687, -0.855828, 0.493342
22.998, -0.853377, 0.496646
23.0273, -0.849995, 0.49926
23.0566, -0.846298, 0.500664
23.0859, -0.84295, 0.501242
23.1152, -0.840511, 0.501735
23.1445, -0.840135, 0.50246
23.1738, -0.843128, 0.502739
23.2031, -0.849239, 0.501482
23.2324, -0.85632, 0.498068
23.2617, -0.862072, 0.492778
23.291, -0.865276, 0.486917
23.3203, -0.865765, 0.482692
23.3496, -0.863892, 0.482213
23.3789, -0.86032, 0.485915
23.4082, -0.855761, 0.492319
23.4375, -0.85104, 0.499187
23.4667, -0.846743, 0.504556
23.496, -0.843342, 0.507146
23.5253, -0.841436, 0.506629
23.5546, -0.841812, 0.503843
23.5839, -0.844989, 0.500628
23.6132, -0.850446, 0.498457
23.6425, -0.856508, 0.497264
23.6718, -0.861273, 0.495973
23.7011, -0.863638, 0.494219
23.7304, -0.863714, 0.492781
23.7597, -0.862643, 0.492751
23.789, -0.861775, 0.49466
23.8183, -0.861592, 0.498307
23.8476, -0.861579, 0.502918
23.8769, -0.861089, 0.507172
23.9062, -0.859959, 0.509417
23.9355, -0.858496, 0.508415
23.9648, -0.857144, 0.503894
23.9941, -0.85646, 0.496794
24.0234, -0.856492, 0.488787
24.0527, -0.856507, 0.481682
24.082, -0.85544, 0.476696
24.1113, -0.853277, 0.473906
24.1406, -0.851816, 0.472464
24.1699, -0.853062, 0.471647
24.1992, -0.856793, 0.471496
24.2285, -0.860469, 0.472526
24.2578, -0.861466, 0.475047
24.2871, -0.858836, 0.478758
24.3164, -0.853833, 0.48279
24.3457, -0.849186, 0.486187
24.375, -0.847267, 0.488407
24.4042, -0.848487, 0.489609
24.4335, -0.851793, 0.490715
24.4628, -0.856008, 0.492918
24.4921, -0.86032, 0.496697
24.5214, -0.864156, 0.501132
24.5507, -0.86716, 0.50458
24.58, -0.868903, 0.505567
24.6093, -0.868882, 0.503665
24.6386, -0.866705, 0.49957
24.6679, -0.862967, 0.494888
24.6972, -0.859295, 0.491332
24.7265, -0.857741, 0.490099
24.7558, -0.858874, 0.491364
24.7851, -0.861156, 0.49414
24.8144, -0.862646, 0.497003
24.8437, -0.862595, 0.498775
24.873, -0.861758, 0.499296
24.9023, -0.861834, 0.499567
24.9316, -0.8641, 0.500858
24.9609, -0.867982, 0.503169
24.9902, -0.871455, 0.505135
25.0195, -0.872664, 0.505428
25.0488, -0.871024, 0.503717
25.0781, -0.867703, 0.501033
25.1074, -0.864793, 0.499257
25.1367, -0.863742, 0.500172
25.166, -0.863918, 0.503859
25.1953, -0.86364, 0.508417
25.2246, -0.86251, 0.511465
25.2539, -0.861784, 0.511842
25.2832, -0.862915, 0.50993
25.3124, -0.866113, 0.506824
25.3417, -0.870697, 0.503741
25.371, -0.875883, 0.50171
25.4003, -0.881024, 0.501069
25.4296, -0.885139, 0.501169
25.4589, -0.887046, 0.501008
25.4882, -0.885984, 0.500281
25.5175, -0.882192, 0.499593
25.5468, -0.876965, 0.499969
25.5761, -0.872538, 0.502026
25.6054, -0.871262, 0.505507
25.6347, -0.874247, 0.509335
25.664, -0.880195, 0.512376
25.6933, -0.885998, 0.513977
25.7226, -0.889272, 0.51388
25.7519, -0.890132, 0.512154
25.7812, -0.890629, 0.50894
25.8105, -0.892706, 0.504712
25.8398, -0.896023, 0.500338
25.8691, -0.898322, 0.497156
25.8984, -0.897337, 0.495849
25.9277, -0.892752, 0.496018
25.957, -0.885868, 0.496934
25.9863, -0.879017, 0.498518
26.0156, -0.87489, 0.50109
26.0449, -0.875374, 0.504649
26.0742, -0.880194, 0.508477
26.1035, -0.8869, 0.511562
26.1328, -0.89274, 0.513631
26.1621, -0.89616, 0.515287
26.1914, -0.897297, 0.517109
26.2207, -0.896934, 0.518423
26.2499, -0.895858, 0.517653
26.2792, -0.894541, 0.513608
26.3085, -0.893517, 0.507171
26.3378, -0.893569, 0.501392
26.3671, -0.895241, 0.499734
26.3964, -0.898327, 0.502968
26.4257, -0.900934, 0.508587
26.455, -0.900682, 0.513344
26.4843, -0.896625, 0.515782
26.5136, -0.890398, 0.516183
26.5429, -0.885521, 0.515585
26.5722, -0.884436, 0.51473
26.6015, -0.88665, 0.514264
26.6308, -0.890158, 0.514809
26.6601, -0.893364, 0.516734
26.6894, -0.895852, 0.519534
26.7187, -0.897581, 0.521913
26.748, -0.898478, 0.522928
26.7773, -0.898943, 0.522812
26.8066, -0.900337, 0.522919
26.8359, -0.904032, 0.524182
26.8652, -0.90931, 0.525713
26.8945, -0.913756, 0.525867
26.9238, -0.915062, 0.523806
26.9531, -0.912923, 0.520253
26.9824, -0.909587, 0.517251
27.0117, -0.908352, 0.516969
27.041, -0.904926, 0.516833
27.0703, -0.896518, 0.514716
27.0996, -0.887411, 0.51197
27.1289, -0.875625, 0.506312
27.1581, -0.861014, 0.497204
27.1874, -0.844767, 0.485851
27.2167, -0.829023, 0.474602
27.246, -0.816973, 0.466171
27.2753, -0.812357, 0.462824
27.3046, -0.816927, 0.465128
27.3339, -0.827833, 0.470979
27.3632, -0.838566, 0.476318
27.3925, -0.842495, 0.477333
27.4218, -0.836067, 0.472349
27.4511, -0.820746, 0.462915
27.4804, -0.802729, 0.453483
27.5097, -0.790258, 0.449353
27.539, -0.788961, 0.453519
27.5683, -0.797895, 0.464054
27.5976, -0.809531, 0.474632
27.6269, -0.815063, 0.478884
27.6562, -0.810174, 0.474528
27.6855, -0.796779, 0.463971
27.7148, -0.780723, 0.452141
27.7441, -0.768576, 0.44338
27.7734, -0.764073, 0.439051
27.8027, -0.766119, 0.437291
27.832, -0.770085, 0.435234
27.8613, -0.771687, 0.431772
27.8906, -0.770073, 0.428122
27.9199, -0.767688, 0.426804
27.9492, -0.767284, 0.429631
27.9785, -0.768896, 0.435705
28.0078, -0.769632, 0.441509
28.0371, -0.767164, 0.443828
28.0664, -0.763001, 0.442585
28.0956, -0.760567, 0.439964
28.1249, -0.761202, 0.437785
28.1542, -0.763161, 0.436367
28.1835, -0.76417, 0.435386
28.2128, -0.763436, 0.434715
28.2421, -0.760958, 0.434016
28.2714, -0.755798, 0.432217
28.3007, -0.746656, 0.428267
28.33, -0.7344, 0.42237
28.3593, -0.72309, 0.41625
28.3886, -0.716772, 0.411475
28.4179, -0.71576, 0.40796
28.4472, -0.717052, 0.404707
28.4765, -0.716991, 0.401428
28.5058, -0.713531, 0.398699
28.5351, -0.706852, 0.396798
28.5644, -0.699376, 0.395145
28.5937, -0.694449, 0.39321
28.623, -0.693855, 0.391673
28.6523, -0.695603, 0.391673
28.6816, -0.695079, 0.393023
28.7109, -0.688784, 0.393937
28.7402, -0.676488, 0.392321
28.7695, -0.661091, 0.38729
28.7988, -0.646998, 0.379804
28.8281, -0.637645, 0.372333
28.8574, -0.633805, 0.367273
28.8867, -0.63495, 0.36585
28.916, -0.641207, 0.368337
28.9453, -0.652116, 0.374026
28.9746, -0.664293, 0.380753
29.0038, -0.672046, 0.385177
29.0331, -0.67095, 0.384786
29.0624, -0.66087, 0.379798
29.0917, -0.646107, 0.373167
29.121, -0.632381, 0.368361
29.1503, -0.622658, 0.366454
29.1796, -0.616198, 0.365709
29.2089, -0.611538, 0.363905
29.2382, -0.608857, 0.360217
29.2675, -0.608854, 0.355272
29.2968, -0.610471, 0.350025
29.3261, -0.610933, 0.34478
29.3554, -0.608224, 0.339404
29.3847, -0.60298, 0.333998
29.414, -0.597554, 0.329138
29.4433, -0.593355, 0.325477
29.4726, -0.590251, 0.323353
29.5019, -0.588141, 0.322835
29.5312, -0.586977, 0.323432
29.5605, -0.585171, 0.323424
29.5898, -0.579603, 0.320494
29.6191, -0.568167, 0.313834
29.6484, -0.552176, 0.305559
29.6777, -0.536949, 0.299697
29.707, -0.528696, 0.299241
29.7363, -0.529077, 0.303405
29.7656, -0.533074, 0.308142
29.7949, -0.533639, 0.30959
29.8242, -0.527109, 0.306658
29.8535, -0.512405, 0.299716
29.8828, -0.484393, 0.285941
29.912, -0.429039, 0.25606
29.9413, -0.329565, 0.198618
29.9706, -0.181132, 0.109838
29.9999, -3.96298e-07, 2.99937e-06
