0, -nan, 0.0625401, 0.156935
0.0292968, inf, 0.0625401, 0.156935
0.0585936, inf, 0.0625401, 0.156935
0.0878904, inf, 0.0625401, 0.156935
0.117187, inf, 0.0625401, 0.156935
0.146484, 446.36, 0.179231, -0.430862
0.175781, 475.912, 0.169996, -0.295873
0.205078, 531.224, 0.405443, -0.216698
0.234375, 540.027, 0.413973, -0.388029
0.263671, 601.283, 0.839719, -0.911709
0.292968, 560.948, 0.620577, -0.501993
0.322265, 545.132, 0.381217, -0.639487
0.351562, 542.808, 0.423801, -0.542464
0.380859, 547.195, 0.449783, -0.668272
0.410155, 555.876, 0.41101, -0.774951
0.439452, 556.596, 0.46359, -0.808175
0.468749, 556.16, 0.503967, -0.670261
0.498046, 556.514, 0.480721, -0.671328
0.527343, 554.16, 0.434689, -0.65885
0.55664, 566.603, 0.404952, -0.708094
0.585936, 563.516, 0.408621, -0.769308
0.615233, 559.504, 0.43255, -0.663699
0.64453, 561.987, 0.406863, -0.687824
0.673827, 561.667, 0.44234, -0.702256
0.703124, 552.62, 0.38666, -0.700274
0.73242, 559.781, 0.425897, -0.792818
0.761717, 557.942, 0.43602, -0.758126
0.791014, 560.741, 0.423777, -0.785913
0.820311, 557.843, 0.390053, -0.753133
0.849608, 559.518, 0.394031, -0.745161
0.878904, 558.195, 0.41408, -0.707168
0.908201, 556.364, 0.405321, -0.702848
0.937498, 560.709, 0.42447, -0.754793
0.966795, 555.538, 0.391066, -0.710458
0.996092, 557.921, 0.408691, -0.742567
1.02539, 559.124, 0.413361, -0.728942
1.05469, 561.259, 0.433149, -0.759821
1.08398, 564.177, 0.426011, -0.757022
1.11328, 561.614, 0.423088, -0.744118
1.14258, 562.109, 0.432279, -0.743921
1.17187, 562.017, 0.418046, -0.751069
1.20117, 559.535, 0.415501, -0.721152
1.23047, 558.455, 0.398712, -0.737366
1.25976, 558.627, 0.398632, -0.740088
1.28906, 559.208, 0.392569, -0.76242
1.31836, 556.771, 0.380125, -0.760833
1.34765, 555.55, 0.373095, -0.758612
1.37695, 555.355, 0.388816, -0.761011
1.40625, 553.781, 0.398306, -0.741253
1.43554, 553.698, 0.410139, -0.721411
1.46484, 553.345, 0.423168, -0.706648
1.49414, 554.461, 0.455267, -0.695189
1.52343, 554.241, 0.462244, -0.693002
1.55273, 553.044, 0.485147, -0.669896
1.58203, 551.157, 0.494936, -0.659557
1.61132, 548.964, 0.492784, -0.65904
1.64062, 548.47, 0.499469, -0.662828
1.66992, 549.463, 0.47921, -0.680725
1.69922, 551.123, 0.453991, -0.69414
1.72851, 553.043, 0.428705, -0.716684
1.75781, 554.555, 0.413458, -0.735974
1.78711, 554.933, 0.382947, -0.755093
1.8164, 554.523, 0.379857, -0.761915
1.8457, 552.009, 0.380016, -0.743862
1.875, 550.698, 0.382816, -0.73883
1.90429, 549.843, 0.390314, -0.732413
1.93359, 549.733, 0.396042, -0.728372
1.96289, 548.743, 0.397084, -0.719023
1.99218, 548.304, 0.399206, -0.721409
2.02148, 548.065, 0.40447, -0.729047
2.05078, 546.617, 0.399948, -0.736631
2.08007, 547.132, 0.394474, -0.746509
2.10937, 547.58, 0.400256, -0.750543
2.13867, 547.847, 0.407426, -0.751058
2.16796, 547.824, 0.419099, -0.739866
2.19726, 548.263, 0.428363, -0.736445
2.22656, 549.561, 0.437181, -0.739837
2.25585, 550.447, 0.447585, -0.740452
2.28515, 550.14, 0.444872, -0.738995
2.31445, 549.293, 0.451687, -0.727732
2.34375, 548.888, 0.457016, -0.727216
2.37304, 548.468, 0.458265, -0.730635
2.40234, 547.247, 0.448569, -0.734441
2.43164, 546.532, 0.440456, -0.740693
2.46093, 545.853, 0.430804, -0.744421
2.49023, 546.894, 0.425934, -0.752019
2.51953, 547.147, 0.428801, -0.743356
2.54882, 547.128, 0.432823, -0.734847
2.57812, 546.919, 0.442389, -0.730153
2.60742, 545.243, 0.451427, -0.713423
2.63671, 545.114, 0.461613, -0.712147
2.66601, 544.405, 0.461354, -0.708904
2.69531, 544.558, 0.450956, -0.718341
2.7246, 544.577, 0.441024, -0.725352
2.7539, 544.63, 0.431347, -0.737489
2.7832, 544.412, 0.422212, -0.742105
2.81249, 545.207, 0.420902, -0.753233
2.84179, 545.93, 0.421415, -0.757902
2.87109, 546.381, 0.425517, -0.75491
2.90038, 546.4, 0.432741, -0.749214
2.92968, 545.501, 0.431687, -0.742974
2.95898, 544.272, 0.427242, -0.735651
2.98828, 543.508, 0.423867, -0.732763
3.01757, 542.914, 0.423607, -0.72736
3.04687, 542.262, 0.423318, -0.720089
3.07617, 540.411, 0.423786, -0.702262
3.10546, 538.038, 0.426191, -0.685314
3.13476, 536.116, 0.427611, -0.676585
3.16406, 534.957, 0.427219, -0.672651
3.19335, 534.97, 0.421639, -0.681627
3.22265, 535.266, 0.411279, -0.696028
3.25195, 536.091, 0.405618, -0.713989
3.28124, 536.589, 0.405353, -0.72524
3.31054, 537.157, 0.405174, -0.73601
3.33984, 537.404, 0.404627, -0.738875
3.36913, 537.28, 0.40222, -0.738711
3.39843, 537.032, 0.398467, -0.740916
3.42773, 536.123, 0.399653, -0.735984
3.45702, 535.232, 0.401065, -0.733996
3.48632, 534.307, 0.407321, -0.7325
3.51562, 533.904, 0.414407, -0.731714
3.54491, 534.19, 0.420735, -0.734487
3.57421, 534.806, 0.427413, -0.736569
3.60351, 535.237, 0.429384, -0.73681
3.63281, 535.123, 0.430621, -0.735607
3.6621, 533.926, 0.428057, -0.731942
3.6914, 532.193, 0.423635, -0.728834
3.7207, 530.564, 0.41636, -0.728666
3.74999, 529.793, 0.409365, -0.731688
3.77929, 529.98, 0.406662, -0.736221
3.80859, 530.457, 0.406942, -0.740029
3.83788, 530.761, 0.406277, -0.744341
3.86718, 530.953, 0.404541, -0.750183
3.89648, 530.214, 0.396449, -0.755375
3.92577, 529.531, 0.38996, -0.762246
3.95507, 529.04, 0.388028, -0.765658
3.98437, 529.323, 0.390832, -0.769822
4.01366, 530.142, 0.398938, -0.771541
4.04296, 531.249, 0.405217, -0.775812
4.07226, 531.931, 0.407336, -0.777221
4.10155, 531.942, 0.403761, -0.779141
4.13085, 530.941, 0.397592, -0.77496
4.16015, 529.023, 0.39014, -0.767497
4.18944, 525.864, 0.382969, -0.7549
4.21874, 522.595, 0.384532, -0.743467
4.24804, 519.665, 0.394134, -0.731095
4.27734, 518.642, 0.412969, -0.721235
4.30663, 519.467, 0.431345, -0.719743
4.33593, 521.197, 0.446414, -0.719566
4.36523, 522.719, 0.455606, -0.720893
4.39452, 523.071, 0.457652, -0.719112
4.42382, 522.213, 0.452623, -0.717572
4.45312, 520.473, 0.440436, -0.716563
4.48241, 518.775, 0.422548, -0.71999
4.51171, 517.457, 0.402631, -0.725129
4.54101, 516.635, 0.39195, -0.729008
4.5703, 515.559, 0.389489, -0.728334
4.5996, 514.119, 0.399299, -0.723157
4.6289, 512.338, 0.41289, -0.716075
4.65819, 510.603, 0.424634, -0.711575
4.68749, 509.041, 0.431171, -0.710217
4.71679, 508.27, 0.430796, -0.715417
4.74608, 508.063, 0.426313, -0.722474
4.77538, 508.567, 0.421481, -0.73231
4.80468, 508.883, 0.414991, -0.740061
4.83397, 508.665, 0.411146, -0.745902
4.86327, 507.401, 0.411107, -0.745192
4.89257, 504.762, 0.408893, -0.74105
4.92187, 501.487, 0.40656, -0.734731
4.95116, 498.012, 0.406622, -0.726254
4.98046, 495.268, 0.410313, -0.719812
5.00976, 493.34, 0.4201, -0.716677
5.03905, 491.928, 0.431491, -0.714743
5.06835, 490.851, 0.444041, -0.713073
5.09765, 489.876, 0.453004, -0.711667
5.12694, 489.047, 0.459794, -0.711174
5.15624, 488.139, 0.459528, -0.709992
5.18554, 486.815, 0.453703, -0.708183
5.21483, 484.775, 0.441529, -0.706519
5.24413, 481.952, 0.43319, -0.702146
5.27343, 478.664, 0.433283, -0.695587
5.30272, 475.55, 0.442074, -0.690794
5.33202, 472.788, 0.454106, -0.686678
5.36132, 470.721, 0.462934, -0.686897
5.39061, 469.329, 0.463402, -0.693365
5.41991, 468.373, 0.455532, -0.704452
5.44921, 467.513, 0.444106, -0.716412
5.4785, 466.463, 0.433277, -0.727815
5.5078, 464.861, 0.423951, -0.735977
5.5371, 462.522, 0.415275, -0.739797
5.5664, 459.751, 0.407167, -0.74101
5.59569, 457.192, 0.403579, -0.742312
5.62499, 454.824, 0.404666, -0.741998
5.65429, 452.874, 0.410844, -0.740431
5.68358, 451.101, 0.419009, -0.736945
5.71288, 449.619, 0.425459, -0.734912
5.74218, 448.336, 0.428242, -0.734919
5.77147, 447.241, 0.427559, -0.737154
5.80077, 445.978, 0.422995, -0.738565
5.83007, 444.028, 0.418045, -0.735895
5.85936, 441.085, 0.416972, -0.727676
5.88866, 437.191, 0.419915, -0.71476
5.91796, 433.274, 0.427419, -0.704181
5.94725, 430.129, 0.436633, -0.701418
5.97655, 427.844, 0.442066, -0.705557
6.00585, 426.105, 0.443003, -0.713328
6.03514, 424.431, 0.441059, -0.719174
6.06444, 422.675, 0.437129, -0.725771
6.09374, 420.908, 0.431185, -0.734705
6.12303, 418.951, 0.421559, -0.741351
6.15233, 417.028, 0.411495, -0.7489
6.18163, 415.057, 0.404028, -0.751341
6.21093, 412.968, 0.403052, -0.745598
6.24022, 410.894, 0.410493, -0.734184
6.26952, 408.986, 0.421969, -0.721373
6.29882, 407.458, 0.428457, -0.711531
6.32811, 406.288, 0.43188, -0.71384
6.35741, 405.374, 0.43182, -0.726191
6.38671, 404.453, 0.431086, -0.738209
6.416, 403.368, 0.430618, -0.747734
6.4453, 402.107, 0.429493, -0.751791
6.4746, 400.393, 0.427721, -0.751519
6.50389, 398.208, 0.422866, -0.742553
6.53319, 395.505, 0.420031, -0.733465
6.56249, 392.559, 0.417421, -0.726981
6.59178, 389.637, 0.415523, -0.725433
6.62108, 387.062, 0.411138, -0.726008
6.65038, 384.831, 0.40644, -0.728257
6.67967, 383.018, 0.401883, -0.731362
6.70897, 381.553, 0.399108, -0.737527
6.73827, 380.378, 0.396769, -0.743916
6.76756, 379.125, 0.395917, -0.749577
6.79686, 377.642, 0.398433, -0.755935
6.82616, 375.945, 0.402051, -0.759827
6.85546, 374.003, 0.404515, -0.758787
6.88475, 372.003, 0.409678, -0.749793
6.91405, 369.977, 0.414223, -0.739389
6.94335, 368.2, 0.419547, -0.729117
6.97264, 366.823, 0.422426, -0.726081
7.00194, 365.736, 0.421194, -0.730783
7.03124, 364.557, 0.418168, -0.731977
7.06053, 362.928, 0.414177, -0.734656
7.08983, 360.841, 0.411096, -0.731857
7.11913, 358.473, 0.410187, -0.727574
7.14842, 356.107, 0.4084, -0.728929
7.17772, 353.812, 0.404923, -0.730507
7.20702, 351.639, 0.400572, -0.731782
7.23631, 349.616, 0.397058, -0.734704
7.26561, 347.742, 0.39814, -0.738255
7.29491, 345.808, 0.396835, -0.742808
7.3242, 343.523, 0.39589, -0.747985
7.3535, 340.781, 0.39213, -0.746729
7.3828, 337.881, 0.388294, -0.749858
7.41209, 335.252, 0.3808, -0.748791
7.44139, 333.092, 0.372971, -0.747913
7.47069, 331.275, 0.368405, -0.746829
7.49999, 329.516, 0.367035, -0.74188
7.52928, 327.653, 0.373615, -0.745752
7.55858, 325.594, 0.385202, -0.74269
7.58788, 323.367, 0.40474, -0.734921
7.61717, 321, 0.426617, -0.721822
7.64647, 318.446, 0.440385, -0.709958
7.67577, 315.734, 0.445691, -0.69668
7.70506, 313.004, 0.437855, -0.693112
7.73436, 310.333, 0.423278, -0.698593
7.76366, 307.691, 0.414533, -0.701087
7.79295, 305.036, 0.413901, -0.703726
7.82225, 302.679, 0.415224, -0.706491
7.85155, 301.026, 0.421594, -0.713396
7.88084, 300.091, 0.431678, -0.727236
7.91014, 299.328, 0.437665, -0.731536
7.93944, 298.096, 0.440012, -0.730329
7.96873, 296.076, 0.437414, -0.730384
7.99803, 293.402, 0.431981, -0.738497
8.02733, 290.471, 0.42544, -0.735161
8.05662, 287.533, 0.426827, -0.736576
8.08592, 284.625, 0.434592, -0.736976
8.11522, 281.723, 0.437135, -0.726461
8.14451, 278.885, 0.435252, -0.723028
8.17381, 276.243, 0.427737, -0.717712
8.20311, 273.932, 0.417204, -0.720123
8.23241, 271.896, 0.409362, -0.72456
8.2617, 269.89, 0.406144, -0.727589
8.291, 267.683, 0.40654, -0.728661
8.3203, 265.264, 0.402778, -0.726368
8.34959, 262.831, 0.40042, -0.722582
8.37889, 260.612, 0.396453, -0.718348
8.40819, 258.705, 0.389889, -0.719186
8.43748, 256.939, 0.385736, -0.714392
8.46678, 255.039, 0.389664, -0.710018
8.49608, 252.832, 0.388637, -0.700718
8.52537, 250.465, 0.392423, -0.694762
8.55467, 248.311, 0.399143, -0.697668
8.58397, 246.598, 0.4013, -0.703106
8.61326, 245.206, 0.411002, -0.703048
8.64256, 243.917, 0.416141, -0.710654
8.67186, 242.63, 0.422244, -0.714731
8.70115, 241.367, 0.42447, -0.714619
8.73045, 240.186, 0.426333, -0.718631
8.75975, 239.067, 0.429373, -0.716029
8.78904, 237.955, 0.432963, -0.71873
8.81834, 236.825, 0.432035, -0.724964
8.84764, 235.716, 0.42697, -0.727591
8.87694, 234.664, 0.420531, -0.734604
8.90623, 233.627, 0.407874, -0.737003
8.93553, 232.447, 0.400258, -0.741766
8.96483, 231.009, 0.388289, -0.740878
8.99412, 229.351, 0.379298, -0.736992
9.02342, 227.689, 0.371582, -0.731791
9.05272, 226.286, 0.365301, -0.726964
9.08201, 225.239, 0.372137, -0.732623
9.11131, 224.407, 0.378199, -0.744105
9.14061, 223.498, 0.37878, -0.742627
9.1699, 222.302, 0.387252, -0.739364
9.1992, 220.804, 0.401502, -0.730314
9.2285, 219.207, 0.403923, -0.720688
9.25779, 217.836, 0.403505, -0.727785
9.28709, 216.928, 0.391019, -0.742627
9.31639, 216.432, 0.382025, -0.756077
9.34568, 216.063, 0.3789, -0.76603
9.37498, 215.531, 0.381156, -0.767082
9.40428, 214.712, 0.382075, -0.748815
9.43357, 213.688, 0.391159, -0.747943
9.46287, 212.679, 0.398184, -0.744038
9.49217, 211.816, 0.40493, -0.740895
9.52147, 211.054, 0.41071, -0.745894
9.55076, 210.303, 0.412509, -0.735972
9.58006, 209.547, 0.412518, -0.73483
9.60936, 208.876, 0.409104, -0.736832
9.63865, 208.382, 0.399627, -0.735946
9.66795, 208.042, 0.396445, -0.736022
9.69725, 207.751, 0.396796, -0.736838
9.72654, 207.418, 0.393647, -0.733647
9.75584, 207, 0.399129, -0.737508
9.78514, 206.464, 0.405228, -0.734889
9.81443, 205.747, 0.420189, -0.732777
9.84373, 204.789, 0.422915, -0.718207
9.87303, 203.593, 0.433128, -0.706266
9.90232, 202.28, 0.428742, -0.697253
9.93162, 201.069, 0.426875, -0.693191
9.96092, 200.133, 0.419675, -0.688852
9.99021, 199.496, 0.415436, -0.695808
10.0195, 199.097, 0.420605, -0.711484
10.0488, 198.909, 0.419643, -0.716618
10.0781, 198.883, 0.419626, -0.715636
10.1074, 198.848, 0.417381, -0.715063
10.1367, 198.508, 0.420471, -0.711826
10.166, 197.613, 0.423741, -0.690264
10.1953, 196.233, 0.425554, -0.692824
10.2246, 194.802, 0.410359, -0.685606
10.2539, 193.817, 0.39571, -0.702321
10.2832, 193.479, 0.385507, -0.711627
10.3125, 193.635, 0.38629, -0.727149
10.3418, 193.954, 0.398081, -0.730022
10.3711, 194.167, 0.422251, -0.735936
10.4004, 194.171, 0.426937, -0.726336
10.4297, 193.977, 0.432581, -0.722741
10.459, 193.639, 0.433207, -0.721807
10.4883, 193.207, 0.432954, -0.718686
10.5176, 192.783, 0.434659, -0.690877
10.5469, 192.495, 0.435768, -0.708327
10.5762, 192.397, 0.437558, -0.708578
10.6054, 192.395, 0.430563, -0.714957
10.6347, 192.348, 0.426824, -0.718207
10.664, 192.165, 0.42346, -0.71752
10.6933, 191.835, 0.433006, -0.699064
10.7226, 191.342, 0.429375, -0.699681
10.7519, 190.671, 0.428822, -0.686338
10.7812, 189.893, 0.428837, -0.684466
10.8105, 189.198, 0.425047, -0.689341
10.8398, 188.758, 0.438056, -0.693683
10.8691, 188.553, 0.447847, -0.695486
10.8984, 188.418, 0.454157, -0.698391
10.9277, 188.223, 0.446533, -0.694009
10.957, 187.944, 0.43844, -0.693857
10.9863, 187.62, 0.42216, -0.697393
11.0156, 187.236, 0.418885, -0.69776
11.0449, 186.701, 0.411661, -0.693363
11.0742, 185.936, 0.405102, -0.686421
11.1035, 185.007, 0.393447, -0.681591
11.1328, 184.159, 0.377668, -0.682235
11.1621, 183.696, 0.367524, -0.685666
11.1914, 183.74, 0.366932, -0.686363
11.2207, 184.133, 0.380769, -0.6905
11.25, 184.571, 0.406338, -0.727224
11.2793, 184.826, 0.414733, -0.729722
11.3086, 184.809, 0.411479, -0.737185
11.3379, 184.518, 0.394354, -0.728915
11.3672, 183.985, 0.40054, -0.734838
11.3965, 183.285, 0.403593, -0.722586
11.4258, 182.582, 0.427562, -0.727079
11.4551, 182.09, 0.405597, -0.729548
11.4844, 181.942, 0.407203, -0.749265
11.5136, 182.09, 0.405832, -0.739089
11.5429, 182.343, 0.409104, -0.729708
11.5722, 182.486, 0.394526, -0.733553
11.6015, 182.391, 0.380774, -0.734698
11.6308, 182.062, 0.373705, -0.732097
11.6601, 181.607, 0.359417, -0.74082
11.6894, 181.138, 0.362138, -0.736819
11.7187, 180.7, 0.362678, -0.736391
11.748, 180.307, 0.363095, -0.751402
11.7773, 180.02, 0.379877, -0.729685
11.8066, 179.939, 0.371691, -0.733778
11.8359, 180.101, 0.368445, -0.739162
11.8652, 180.413, 0.354935, -0.738594
11.8945, 180.731, 0.374148, -0.741581
11.9238, 180.95, 0.391921, -0.744558
11.9531, 181.038, 0.396785, -0.778427
11.9824, 180.983, 0.426063, -0.738552
12.0117, 180.763, 0.435641, -0.740799
12.041, 180.373, 0.423258, -0.737666
12.0703, 179.903, 0.417022, -0.729417
12.0996, 179.506, 0.42218, -0.723333
12.1289, 179.285, 0.42943, -0.723507
12.1582, 179.212, 0.415199, -0.738508
12.1875, 179.157, 0.406025, -0.732531
12.2168, 178.983, 0.395509, -0.737759
12.2461, 178.631, 0.391055, -0.735045
12.2754, 178.162, 0.39097, -0.727116
12.3047, 177.712, 0.39597, -0.723587
12.334, 177.405, 0.392506, -0.733635
12.3633, 177.275, 0.388712, -0.735496
12.3926, 177.272, 0.386507, -0.735522
12.4219, 177.316, 0.384488, -0.727284
12.4511, 177.35, 0.391861, -0.714473
12.4804, 177.362, 0.40458, -0.694474
12.5097, 177.336, 0.422463, -0.696947
12.539, 177.254, 0.435405, -0.689433
12.5683, 177.128, 0.440172, -0.688286
12.5976, 177.005, 0.433987, -0.69283
12.6269, 176.918, 0.423517, -0.701086
12.6562, 176.823, 0.418561, -0.704299
12.6855, 176.644, 0.408909, -0.706173
12.7148, 176.355, 0.419574, -0.703734
12.7441, 176.003, 0.427813, -0.6997
12.7734, 175.625, 0.434973, -0.694489
12.8027, 175.193, 0.435438, -0.691012
12.832, 174.685, 0.434671, -0.689839
12.8613, 174.183, 0.432766, -0.688248
12.8906, 173.878, 0.440054, -0.685459
12.9199, 173.912, 0.45243, -0.672373
12.9492, 174.234, 0.472102, -0.667489
12.9785, 174.627, 0.468069, -0.672203
13.0078, 174.863, 0.474923, -0.682145
13.0371, 174.842, 0.465472, -0.695553
13.0664, 174.617, 0.457077, -0.703517
13.0957, 174.306, 0.425659, -0.704031
13.125, 174.002, 0.436736, -0.707045
13.1543, 173.756, 0.425729, -0.717133
13.1836, 173.609, 0.41138, -0.71999
13.2129, 173.597, 0.39547, -0.723343
13.2422, 173.698, 0.396017, -0.724927
13.2715, 173.81, 0.384869, -0.733248
13.3008, 173.815, 0.383829, -0.735567
13.3301, 173.665, 0.378918, -0.732074
13.3593, 173.394, 0.370625, -0.741006
13.3886, 173.09, 0.379363, -0.735325
13.4179, 172.839, 0.380071, -0.733055
13.4472, 172.711, 0.39448, -0.730617
13.4765, 172.737, 0.404767, -0.723587
13.5058, 172.868, 0.417384, -0.718826
13.5351, 173.003, 0.421676, -0.717625
13.5644, 173.096, 0.421849, -0.718602
13.5937, 173.197, 0.426195, -0.717843
13.623, 173.372, 0.415254, -0.719968
13.6523, 173.603, 0.410904, -0.719648
13.6816, 173.787, 0.406725, -0.72188
13.7109, 173.798, 0.406121, -0.721401
13.7402, 173.554, 0.405468, -0.716717
13.7695, 173.068, 0.421698, -0.705558
13.7988, 172.452, 0.41302, -0.688036
13.8281, 171.844, 0.441731, -0.687775
13.8574, 171.325, 0.440613, -0.688382
13.8867, 170.896, 0.426413, -0.691169
13.916, 170.497, 0.386398, -0.682041
13.9453, 170.09, 0.395779, -0.667134
13.9746, 169.71, 0.413511, -0.668075
14.0039, 169.446, 0.411589, -0.661584
14.0332, 169.355, 0.394849, -0.663939
14.0625, 169.418, 0.396943, -0.69248
14.0918, 169.573, 0.378296, -0.699941
14.1211, 169.775, 0.373819, -0.70355
14.1504, 170.02, 0.377949, -0.703252
14.1797, 170.308, 0.385674, -0.708971
14.209, 170.61, 0.392482, -0.691488
14.2383, 170.859, 0.409599, -0.701301
14.2675, 170.969, 0.415083, -0.701965
14.2968, 170.879, 0.403568, -0.693066
14.3261, 170.567, 0.411535, -0.69047
14.3554, 170.065, 0.421506, -0.6818
14.3847, 169.514, 0.41964, -0.674821
14.414, 169.122, 0.417288, -0.658371
14.4433, 169.042, 0.392191, -0.672418
14.4726, 169.253, 0.420219, -0.685482
14.5019, 169.565, 0.372622, -0.685648
14.5312, 169.738, 0.409919, -0.70596
14.5605, 169.641, 0.388635, -0.701354
14.5898, 169.328, 0.402661, -0.692291
14.6191, 168.989, 0.405619, -0.695221
14.6484, 168.807, 0.4214, -0.684763
14.6777, 168.839, 0.422363, -0.670176
14.707, 168.983, 0.432471, -0.666336
14.7363, 169.116, 0.412478, -0.659022
14.7656, 169.207, 0.41547, -0.661589
14.7949, 169.27, 0.410094, -0.661982
14.8242, 169.275, 0.40852, -0.665184
14.8535, 169.157, 0.453555, -0.667285
14.8828, 168.901, 0.448777, -0.684331
14.9121, 168.595, 0.435501, -0.681402
14.9414, 168.394, 0.382836, -0.745681
14.9707, 168.383, 0.371292, -0.698246
15, 168.515, 0.379091, -0.709425
15.0293, 168.677, 0.38161, -0.711444
15.0586, 168.796, 0.363582, -0.750273
15.0879, 168.862, 0.36786, -0.735601
15.1172, 168.899, 0.397722, -0.714921
15.1465, 168.937, 0.419572, -0.711474
15.1758, 168.981, 0.431466, -0.732102
15.205, 168.986, 0.420927, -0.736997
15.2343, 168.885, 0.436478, -0.739025
15.2636, 168.631, 0.43849, -0.737686
15.2929, 168.267, 0.423679, -0.718287
15.3222, 167.924, 0.38868, -0.658377
15.3515, 167.726, 0.373832, -0.660511
15.3808, 167.681, 0.412602, -0.702887
15.4101, 167.658, 0.444362, -0.710837
15.4394, 167.509, 0.449207, -0.706315
15.4687, 167.225, 0.46444, -0.689782
15.498, 166.97, 0.471457, -0.682094
15.5273, 166.975, 0.477535, -0.683464
15.5566, 167.335, 0.478705, -0.685123
15.5859, 167.883, 0.475063, -0.691047
15.6152, 168.3, 0.484556, -0.693786
15.6445, 168.35, 0.493738, -0.681463
15.6738, 168.018, 0.500226, -0.687799
15.7031, 167.499, 0.505134, -0.666178
15.7324, 167.067, 0.506954, -0.662611
15.7617, 166.911, 0.494037, -0.66503
15.791, 167.019, 0.47541, -0.674914
15.8203, 167.226, 0.448885, -0.681882
15.8496, 167.358, 0.479347, -0.696576
15.8789, 167.365, 0.452292, -0.691454
15.9082, 167.333, 0.448125, -0.695106
15.9375, 167.365, 0.455704, -0.707383
15.9668, 167.484, 0.450644, -0.714023
15.9961, 167.637, 0.456444, -0.716211
16.0254, 167.743, 0.466942, -0.711173
16.0547, 167.747, 0.473245, -0.705634
16.084, 167.664, 0.493671, -0.692209
16.1132, 167.564, 0.499434, -0.695296
16.1425, 167.493, 0.497561, -0.694806
16.1718, 167.389, 0.485895, -0.691917
16.2011, 167.115, 0.47884, -0.697833
16.2304, 166.599, 0.475155, -0.689567
16.2597, 165.968, 0.476221, -0.686699
16.289, 165.506, 0.483404, -0.689625
16.3183, 165.435, 0.490772, -0.679852
16.3476, 165.701, 0.487266, -0.680603
16.3769, 166.062, 0.48642, -0.684035
16.4062, 166.319, 0.470524, -0.685796
16.4355, 166.427, 0.470415, -0.683697
16.4648, 166.462, 0.467335, -0.694015
16.4941, 166.519, 0.470169, -0.703685
16.5234, 166.631, 0.473329, -0.712416
16.5527, 166.76, 0.476657, -0.716257
16.582, 166.848, 0.482537, -0.71785
16.6113, 166.861, 0.485459, -0.716054
16.6406, 166.793, 0.452604, -0.726647
16.6699, 166.655, 0.459541, -0.727296
16.6992, 166.471, 0.459362, -0.705493
16.7285, 166.281, 0.437753, -0.70293
16.7578, 166.12, 0.459118, -0.670312
16.7871, 165.997, 0.453244, -0.705963
16.8164, 165.902, 0.480658, -0.6948
16.8457, 165.843, 0.495178, -0.687442
16.875, 165.842, 0.500214, -0.672589
16.9043, 165.899, 0.515814, -0.673995
16.9336, 165.977, 0.511534, -0.667497
16.9629, 166.037, 0.528749, -0.677283
16.9922, 166.068, 0.530031, -0.688484
17.0215, 166.06, 0.524193, -0.683844
17.0507, 165.984, 0.511228, -0.694809
17.08, 165.818, 0.492329, -0.676661
17.1093, 165.576, 0.452954, -0.72437
17.1386, 165.313, 0.445509, -0.755327
17.1679, 165.107, 0.461021, -0.70902
17.1972, 165.021, 0.459232, -0.712512
17.2265, 165.05, 0.459249, -0.659171
17.2558, 165.109, 0.457008, -0.675731
17.2851, 165.105, 0.451856, -0.675057
17.3144, 165.003, 0.440997, -0.687442
17.3437, 164.849, 0.431417, -0.680746
17.373, 164.73, 0.44254, -0.672181
17.4023, 164.732, 0.431576, -0.683527
17.4316, 164.87, 0.450246, -0.677491
17.4609, 165.092, 0.399837, -0.632545
17.4902, 165.324, 0.41634, -0.634983
17.5195, 165.534, 0.406657, -0.643078
17.5488, 165.712, 0.404853, -0.659894
17.5781, 165.834, 0.405975, -0.655439
17.6074, 165.861, 0.429162, -0.753025
17.6367, 165.771, 0.441419, -0.745245
17.666, 165.571, 0.454577, -0.746253
17.6953, 165.299, 0.456458, -0.710901
17.7246, 165.031, 0.468846, -0.7535
17.7539, 164.869, 0.486122, -0.7483
17.7832, 164.881, 0.472692, -0.666329
17.8125, 165.054, 0.481989, -0.667034
17.8418, 165.304, 0.47956, -0.665162
17.8711, 165.556, 0.491942, -0.666942
17.9004, 165.788, 0.485891, -0.667753
17.9297, 165.989, 0.481566, -0.667418
17.9589, 166.094, 0.496869, -0.664024
17.9882, 166.026, 0.490994, -0.670385
18.0175, 165.767, 0.464551, -0.73885
18.0468, 165.398, 0.484963, -0.732358
18.0761, 165.036, 0.513678, -0.677722
18.1054, 164.749, 0.516031, -0.680739
18.1347, 164.536, 0.51461, -0.759386
18.164, 164.369, 0.514454, -0.666016
18.1933, 164.233, 0.455494, -0.574161
18.2226, 164.134, 0.458638, -0.56537
18.2519, 164.083, 0.465365, -0.566093
18.2812, 164.085, 0.46838, -0.560347
18.3105, 164.147, 0.458688, -0.571557
18.3398, 164.281, 0.446911, -0.567998
18.3691, 164.475, 0.457317, -0.605339
18.3984, 164.672, 0.459255, -0.591641
18.4277, 164.788, 0.445631, -0.59503
18.457, 164.759, 0.445702, -0.591505
18.4863, 164.606, 0.453001, -0.577765
18.5156, 164.464, 0.467899, -0.571058
18.5449, 164.483, 0.454046, -0.555299
18.5742, 164.683, 0.480034, -0.574486
18.6035, 164.923, 0.452386, -0.564611
18.6328, 165.016, 0.448617, -0.591592
18.6621, 164.864, 0.461238, -0.585552
18.6914, 164.53, 0.417621, -0.590927
18.7207, 164.192, 0.456691, -0.567497
18.75, 164.01, 0.448352, -0.557207
18.7793, 164.009, 0.469803, -0.560059
18.8086, 164.114, 0.472953, -0.554453
18.8379, 164.232, 0.466002, -0.544942
18.8671, 164.29, 0.448049, -0.570135
18.8964, 164.251, 0.450253, -0.541332
18.9257, 164.135, 0.3924, -0.605641
18.955, 164.055, 0.4637, -0.72209
18.9843, 164.143, 0.452851, -0.747705
19.0136, 164.415, 0.479636, -0.736842
19.0429, 164.719, 0.496123, -0.743185
19.0722, 164.879, 0.427329, -0.619789
19.1015, 164.83, 0.434012, -0.616468
19.1308, 164.628, 0.442747, -0.558026
19.1601, 164.37, 0.427458, -0.553898
19.1894, 164.137, 0.483699, -0.734096
19.2187, 163.973, 0.491675, -0.727739
19.248, 163.885, 0.498981, -0.731067
19.2773, 163.835, 0.507892, -0.661822
19.3066, 163.755, 0.494409, -0.671418
19.3359, 163.632, 0.396685, -0.588677
19.3652, 163.545, 0.365829, -0.59976
19.3945, 163.597, 0.343607, -0.566012
19.4238, 163.771, 0.336847, -0.573676
19.4531, 163.938, 0.365913, -0.577018
19.4824, 163.974, 0.370089, -0.586039
19.5117, 163.855, 0.442952, -0.628946
19.541, 163.664, 0.445363, -0.614873
19.5703, 163.523, 0.442016, -0.627363
19.5996, 163.502, 0.463059, -0.618546
19.6289, 163.557, 0.469881, -0.60773
19.6582, 163.596, 0.470882, -0.636024
19.6875, 163.56, 0.475891, -0.609507
19.7168, 163.45, 0.450675, -0.641774
19.7461, 163.338, 0.429883, -0.645354
19.7754, 163.328, 0.500071, -0.62673
19.8046, 163.469, 0.432671, -0.638294
19.8339, 163.718, 0.442988, -0.634793
19.8632, 163.985, 0.432959, -0.646452
19.8925, 164.19, 0.466343, -0.603771
19.9218, 164.263, 0.449655, -0.609415
19.9511, 164.139, 0.434557, -0.62793
19.9804, 163.811, 0.370094, -0.745826
20.0097, 163.398, 0.415703, -0.610013
20.039, 163.141, 0.3534, -0.579911
20.0683, 163.247, 0.357287, -0.590049
20.0976, 163.706, 0.407533, -0.640156
20.1269, 164.267, 0.39714, -0.649933
20.1562, 164.608, 0.384526, -0.739201
20.1855, 164.547, 0.401508, -0.725007
20.2148, 164.134, 0.477863, -0.628248
20.2441, 163.621, 0.420346, -0.599846
20.2734, 163.311, 0.43666, -0.612444
20.3027, 163.328, 0.399418, -0.528014
20.332, 163.54, 0.399727, -0.527837
20.3613, 163.74, 0.400679, -0.528221
20.3906, 163.831, 0.436053, -0.587382
20.4199, 163.849, 0.394125, -0.552551
20.4492, 163.851, 0.457492, -0.614321
20.4785, 163.86, 0.46919, -0.600021
20.5078, 163.889, 0.464906, -0.622131
20.5371, 163.958, 0.462777, -0.63807
20.5664, 164.077, 0.483227, -0.608691
20.5957, 164.211, 0.488728, -0.591207
20.625, 164.274, 0.499139, -0.592409
20.6543, 164.199, 0.487598, -0.592252
20.6836, 164.006, 0.500386, -0.580331
20.7128, 163.809, 0.498811, -0.575254
20.7421, 163.743, 0.504398, -0.566232
20.7714, 163.894, 0.507804, -0.561854
20.8007, 164.258, 0.507236, -0.564853
20.83, 164.749, 0.493152, -0.579659
20.8593, 165.22, 0.483758, -0.594312
20.8886, 165.535, 0.449459, -0.639984
20.9179, 165.608, 0.448113, -0.622853
20.9472, 165.383, 0.435648, -0.571316
20.9765, 164.846, 0.449972, -0.607467
21.0058, 164.086, 0.430846, -0.629657
21.0351, 163.301, 0.458567, -0.607124
21.0644, 162.682, 0.49007, -0.578252
21.0937, 162.326, 0.503501, -0.582089
21.123, 162.231, 0.522019, -0.538888
21.1523, 162.344, 0.525794, -0.554275
21.1816, 162.594, 0.526208, -0.55626
21.2109, 162.895, 0.51582, -0.561325
21.2402, 163.137, 0.509027, -0.566531
21.2695, 163.204, 0.511098, -0.575729
21.2988, 163.059, 0.49463, -0.57364
21.3281, 162.808, 0.473184, -0.594978
21.3574, 162.64, 0.471463, -0.599955
21.3867, 162.681, 0.481323, -0.590873
21.416, 162.904, 0.472444, -0.600728
21.4453, 163.17, 0.460953, -0.576466
21.4746, 163.354, 0.46237, -0.563119
21.5039, 163.41, 0.452352, -0.561551
21.5332, 163.378, 0.450856, -0.57001
21.5625, 163.33, 0.441099, -0.564413
21.5918, 163.329, 0.437043, -0.560804
21.6211, 163.407, 0.399544, -0.559025
21.6503, 163.567, 0.399292, -0.559403
21.6796, 163.789, 0.397336, -0.565973
21.7089, 164.002, 0.391306, -0.555261
21.7382, 164.089, 0.408208, -0.57288
21.7675, 163.955, 0.32802, -0.678055
21.7968, 163.629, 0.332152, -0.655237
21.8261, 163.286, 0.31999, -0.689378
21.8554, 163.1, 0.325199, -0.692794
21.8847, 163.085, 0.361204, -0.670121
21.914, 163.098, 0.344846, -0.627533
21.9433, 163.013, 0.332489, -0.668949
21.9726, 162.849, 0.347562, -0.608304
22.0019, 162.735, 0.38241, -0.640428
22.0312, 162.771, 0.403891, -0.559394
22.0605, 162.949, 0.367365, -0.64033
22.0898, 163.163, 0.359758, -0.62114
22.1191, 163.302, 0.385109, -0.619392
22.1484, 163.301, 0.426009, -0.637502
22.1777, 163.147, 0.408819, -0.63111
22.207, 162.873, 0.392172, -0.543375
22.2363, 162.57, 0.370429, -0.623049
22.2656, 162.359, 0.376702, -0.604843
22.2949, 162.314, 0.353792, -0.547536
22.3242, 162.383, 0.400908, -0.597324
22.3535, 162.453, 0.395075, -0.589118
22.3828, 162.453, 0.331966, -0.576112
22.4121, 162.423, 0.354086, -0.586749
22.4414, 162.437, 0.343798, -0.578168
22.4707, 162.519, 0.373402, -0.523799
22.5, 162.627, 0.360498, -0.564082
22.5293, 162.715, 0.349311, -0.549644
22.5585, 162.774, 0.32812, -0.719339
22.5878, 162.849, 0.314481, -0.624874
22.6171, 162.966, 0.295373, -0.594478
22.6464, 163.085, 0.275238, -0.576638
22.6757, 163.11, 0.309464, -0.676874
22.705, 162.969, 0.346488, -0.543334
22.7343, 162.661, 0.356572, -0.539764
22.7636, 162.279, 0.380864, -0.530867
22.7929, 161.985, 0.341601, -0.605883
22.8222, 161.922, 0.339973, -0.602638
22.8515, 162.117, 0.36809, -0.580503
22.8808, 162.467, 0.321809, -0.55233
22.9101, 162.805, 0.36503, -0.58382
22.9394, 162.975, 0.306097, -0.580321
22.9687, 162.894, 0.33697, -0.630217
22.998, 162.587, 0.322756, -0.466522
23.0273, 162.2, 0.247174, -0.599231
23.0566, 161.934, 0.256724, -0.582952
23.0859, 161.888, 0.24943, -0.612418
23.1152, 162.003, 0.248457, -0.608571
23.1445, 162.152, 0.251645, -0.608439
23.1738, 162.261, 0.246419, -0.578921
23.2031, 162.32, 0.307937, -0.580104
23.2324, 162.336, 0.338702, -0.610107
23.2617, 162.33, 0.368686, -0.625532
23.291, 162.349, 0.401305, -0.653661
23.3203, 162.442, 0.441114, -0.63731
23.3496, 162.616, 0.413411, -0.654449
23.3789, 162.828, 0.370503, -0.618609
23.4082, 163.028, 0.293469, -0.566936
23.4375, 163.182, 0.286954, -0.695103
23.4667, 163.266, 0.293371, -0.801423
23.496, 163.253, 0.283141, -0.803993
23.5253, 163.135, 0.284779, -0.829787
23.5546, 162.962, 0.295916, -0.77305
23.5839, 162.809, 0.276764, -0.569086
23.6132, 162.728, 0.291354, -0.561011
23.6425, 162.701, 0.34542, -0.640318
23.6718, 162.672, 0.315159, -0.541862
23.7011, 162.596, 0.326549, -0.546799
23.7304, 162.494, 0.314163, -0.536818
23.7597, 162.432, 0.309029, -0.536749
23.789, 162.468, 0.340817, -0.556282
23.8183, 162.607, 0.327423, -0.575106
23.8476, 162.792, 0.308141, -0.554833
23.8769, 162.951, 0.328344, -0.437636
23.9062, 163.024, 0.326592, -0.462546
23.9355, 162.973, 0.319208, -0.433877
23.9648, 162.798, 0.312534, -0.449847
23.9941, 162.534, 0.330656, -0.598076
24.0234, 162.249, 0.416205, -0.578623
24.0527, 162.022, 0.417001, -0.562838
24.082, 161.93, 0.440509, -0.577068
24.1113, 162.017, 0.434196, -0.5623
24.1406, 162.234, 0.367331, -0.488121
24.1699, 162.441, 0.371594, -0.528257
24.1992, 162.494, 0.371586, -0.490405
24.2285, 162.355, 0.377373, -0.468637
24.2578, 162.115, 0.401608, -0.498278
24.2871, 161.936, 0.373891, -0.521562
24.3164, 161.956, 0.371392, -0.50157
24.3457, 162.206, 0.341743, -0.504795
24.375, 162.583, 0.337024, -0.519817
24.4042, 162.919, 0.335195, -0.517277
24.4335, 163.087, 0.338353, -0.555858
24.4628, 163.069, 0.338114, -0.489199
24.4921, 162.912, 0.259429, -0.620487
24.5214, 162.655, 0.276792, -0.659471
24.5507, 162.29, 0.301558, -0.536303
24.58, 161.823, 0.323602, -0.507388
24.6093, 161.319, 0.32474, -0.504493
24.6386, 160.928, 0.310656, -0.541841
24.6679, 160.839, 0.312042, -0.539084
24.6972, 161.19, 0.311288, -0.538558
24.7265, 161.915, 0.31291, -0.519108
24.7558, 162.687, 0.277264, -0.606837
24.7851, 163.142, 0.307965, -0.516348
24.8144, 163.129, 0.322529, -0.500476
24.8437, 162.727, 0.322433, -0.501744
24.873, 162.123, 0.302115, -0.529436
24.9023, 161.524, 0.361733, -0.647567
24.9316, 161.102, 0.33323, -0.736663
24.9609, 160.93, 0.273363, -0.691417
24.9902, 160.967, 0.319034, -0.658446
25.0195, 161.128, 0.223778, -0.743532
25.0488, 161.357, 0.234593, -0.778162
25.0781, 161.641, 0.235029, -0.774707
25.1074, 161.996, 0.316425, -0.603805
25.1367, 162.408, 0.316638, -0.657628
25.166, 162.799, 0.305061, -0.780028
25.1953, 163.062, 0.28316, -0.754287
25.2246, 163.122, 0.282623, -0.599819
25.2539, 162.975, 0.289023, -0.601629
25.2832, 162.703, 0.275679, -0.706755
25.3124, 162.434, 0.252871, -0.857699
25.3417, 162.292, 0.201699, -0.757723
25.371, 162.334, 0.327892, -0.394237
25.4003, 162.511, 0.372988, -0.399759
25.4296, 162.703, 0.405533, -0.399158
25.4589, 162.799, 0.395668, -0.387457
25.4882, 162.741, 0.373582, -0.383459
25.5175, 162.506, 0.346053, -0.601184
25.5468, 162.104, 0.329948, -0.42647
25.5761, 161.613, 0.230092, -0.687875
25.6054, 161.191, 0.29702, -0.796121
25.6347, 160.981, 0.260219, -0.633737
25.664, 161.013, 0.261752, -0.640095
25.6933, 161.204, 0.27412, -0.637592
25.7226, 161.439, 0.258634, -0.77554
25.7519, 161.605, 0.219978, -0.790667
25.7812, 161.616, 0.129052, -0.688619
25.8105, 161.457, 0.154718, -0.737499
25.8398, 161.222, 0.34695, -0.496557
25.8691, 161.071, 0.410114, -0.550676
25.8984, 161.115, 0.447842, -0.605271
25.9277, 161.358, 0.309233, -0.56178
25.957, 161.709, 0.402697, -0.607415
25.9863, 162.021, 0.381849, -0.51843
26.0156, 162.148, 0.39668, -0.444796
26.0449, 162.048, 0.192755, -0.68854
26.0742, 161.82, 0.36821, -0.420801
26.1035, 161.631, 0.39124, -0.436009
26.1328, 161.59, 0.318358, -0.661194
26.1621, 161.723, 0.318938, -0.661714
26.1914, 161.985, 0.39368, -0.440262
26.2207, 162.284, 0.366071, -0.441288
26.2499, 162.492, 0.369124, -0.463059
26.2792, 162.5, 0.380979, -0.448525
26.3085, 162.29, 0.403671, -0.466474
26.3378, 161.979, 0.400097, -0.427916
26.3671, 161.726, 0.324106, -0.562247
26.3964, 161.579, 0.402374, -0.422126
26.4257, 161.477, 0.320794, -0.574885
26.455, 161.359, 0.2087, -0.66884
26.4843, 161.25, 0.333567, -0.878654
26.5136, 161.252, 0.319467, -0.894013
26.5429, 161.433, 0.305622, -0.876096
26.5722, 161.726, 0.263432, -0.688708
26.6015, 161.967, 0.231033, -0.668219
26.6308, 162.044, 0.224019, -0.667675
26.6601, 161.991, 0.219177, -0.661243
26.6894, 161.943, 0.236974, -0.685406
26.7187, 161.983, 0.238489, -0.68086
26.748, 162.087, 0.250827, -0.741072
26.7773, 162.191, 0.284601, -0.850437
26.8066, 162.286, 0.311294, -0.875395
26.8359, 162.422, 0.181623, -0.89992
26.8652, 162.62, 0.173819, -0.76433
26.8945, 162.821, 0.287644, -0.873079
26.9238, 162.937, 0.312813, -0.90519
26.9531, 162.898, 0.186779, -0.875012
26.9824, 162.688, 0.22197, -0.909087
27.0117, 162.363, 0.291857, -0.841367
27.041, 162.246, 0.649175, -0.705254
27.0703, 162.422, 0.641983, -0.917777
27.0996, 162.598, 0.637861, -0.36041
27.1289, 162.773, 0.640662, -0.549041
27.1581, 162.949, 0.649948, -0.882436
27.1874, 163.124, 0.660222, -0.6354
27.2167, 163.3, 0.663972, -0.635597
27.246, 163.476, 0.657254, -0.372691
27.2753, 163.652, 0.64337, -0.674677
27.3046, 163.828, 0.630582, -0.900515
27.3339, 164.003, 0.625545, -0.90552
27.3632, 164.179, 0.628524, -0.905956
27.3925, 164.355, 0.634218, -0.453882
27.4218, 164.531, 0.636513, -0.901698
27.4511, 164.707, 0.633183, -0.901197
27.4804, 164.882, 0.627106, -0.805331
27.5097, 165.058, 0.623176, -0.883215
27.539, 165.234, 0.624084, -0.615752
27.5683, 165.41, 0.628949, -0.897303
27.5976, 165.586, 0.635008, -0.896482
27.6269, 165.761, 0.639519, -0.780182
27.6562, 165.937, 0.640427, -0.397437
27.6855, 166.113, 0.636881, -0.631308
27.7148, 166.289, 0.629976, -0.849069
27.7441, 166.465, 0.62226, -0.755613
27.7734, 166.64, 0.615572, -0.891603
27.8027, 166.816, 0.609614, -0.542554
27.832, 166.992, 0.603222, -0.423553
27.8613, 167.168, 0.596394, -0.914069
27.8906, 167.344, 0.590719, -0.479396
27.9199, 167.519, 0.588244, -0.638045
27.9492, 167.695, 0.589491, -0.77122
27.9785, 167.871, 0.591854, -0.756946
28.0078, 168.047, 0.59119, -0.684125
28.0371, 168.223, 0.586839, -0.745232
28.0664, 168.398, 0.583776, -0.511137
28.0956, 168.574, 0.58805, -0.284976
28.1249, 168.749, 0.600941, -0.898547
28.1542, 168.925, 0.618282, -0.888884
28.1835, 169.101, 0.63464, -0.715602
28.2128, 169.277, 0.646947, -0.871269
28.2421, 169.453, 0.654395, -0.644613
28.2714, 169.628, 0.656704, -0.721551
28.3007, 169.804, 0.653977, -0.682182
28.33, 169.98, 0.648203, -0.820994
28.3593, 170.156, 0.643463, -0.263242
28.3886, 170.332, 0.642864, -0.681186
28.4179, 170.507, 0.645239, -0.854063
28.4472, 170.683, 0.645939, -0.615219
28.4765, 170.859, 0.641102, -0.241065
28.5058, 171.035, 0.631193, -0.349561
28.5351, 171.211, 0.620406, -0.535474
28.5644, 171.386, 0.612528, -0.695636
28.5937, 171.562, 0.608131, -0.413738
28.623, 171.738, 0.606372, -0.613965
28.6523, 171.914, 0.607866, -0.876044
28.6816, 172.09, 0.613718, -0.873003
28.7109, 172.265, 0.622293, -0.791653
28.7402, 172.441, 0.628432, -0.865183
28.7695, 172.617, 0.626402, -0.241547
28.7988, 172.793, 0.615218, -0.869486
28.8281, 172.969, 0.601744, -0.713118
28.8574, 173.144, 0.595889, -0.675809
28.8867, 173.32, 0.602324, -0.310648
28.916, 173.496, 0.61827, -0.233921
28.9453, 173.672, 0.63657, -0.221414
28.9746, 173.848, 0.649347, -0.525321
29.0038, 174.023, 0.651192, -0.211965
29.0331, 174.199, 0.641296, -0.839252
29.0624, 174.374, 0.624041, -0.780189
29.0917, 174.55, 0.607968, -0.851637
29.121, 174.726, 0.601718, -0.631695
29.1503, 174.902, 0.607615, -0.575492
29.1796, 175.078, 0.619951, -0.643398
29.2089, 175.253, 0.63119, -0.833612
29.2382, 175.429, 0.638462, -0.344277
29.2675, 175.605, 0.643909, -0.675383
29.2968, 175.781, 0.649543, -0.201435
29.3261, 175.957, 0.652081, -0.200694
29.3554, 176.132, 0.644354, -0.827888
29.3847, 176.308, 0.623676, -0.72317
29.414, 176.484, 0.597957, -0.788044
29.4433, 176.66, 0.580661, -0.862915
29.4726, 176.836, 0.579338, -0.86262
29.5019, 177.011, 0.589508, -0.233253
29.5312, 177.187, 0.598484, -0.236292
29.5605, 177.363, 0.595469, -0.461567
29.5898, 177.539, 0.579604, -0.230282
29.6191, 177.715, 0.55939, -0.612658
29.6484, 177.89, 0.545872, -0.866081
29.6777, 178.066, 0.546082, -0.24335
29.707, 178.242, 0.559556, -0.639654
29.7363, 178.418, 0.578934, -0.845268
29.7656, 178.594, 0.595035, -0.81579
29.7949, 178.769, 0.602239, -0.429456
29.8242, 178.945, 0.600151, -0.826441
29.8535, 179.121, 0.593004, -0.205636
29.8828, 179.297, 0.587857, -0.832646
29.912, 179.472, 0.589992, -0.832196
29.9413, 179.648, 0.598603, -0.207201
29.9706, 179.824, 0.607889, -0.290181
29.9999, 179.999, 0.611802, -0.825601
